bulk_filename,bulk_relative_path,is_referenced_from_repo,referenced_count,repo_cloudinary_urls
1_ncl5ff.svg,1_ncl5ff.svg,no,0,
1000001181_i171rb.jpg,1000001181_i171rb.jpg,no,0,
1000028379_nbetjv.jpg,1000028379_nbetjv.jpg,no,0,
1000028379_rekc3e.jpg,1000028379_rekc3e.jpg,no,0,
127652026_a5gtbf.jpg,127652026_a5gtbf.jpg,no,0,
13684529_5301586_ybdfmm.jpg,13684529_5301586_ybdfmm.jpg,no,0,
1649744796-1649038823-aga_khan_education_services_2-1_y4crvg.png,1649744796-1649038823-aga_khan_education_services_2-1_y4crvg.png,no,0,
2_o2q2dl.svg,2_o2q2dl.svg,no,0,
20210206_125023_1713451371487.jpg,20210206_125023_1713451371487.jpg,no,0,
20210206_125023_wdecoo.jpg,20210206_125023_wdecoo.jpg,no,0,
20210731_172431_1_v5vw1y.jpg,20210731_172431_1_v5vw1y.jpg,no,0,
32east_hvuk3u.jpg,32east_hvuk3u.jpg,no,0,
A7300264-1024x683_hc0bit.jpg,A7300264-1024x683_hc0bit.jpg,no,0,
A7300292-1024x649_uloxgt.jpg,A7300292-1024x649_uloxgt.jpg,no,0,
A7300337-1024x683_trpffp.jpg,A7300337-1024x683_trpffp.jpg,no,0,
A7300338-1024x683_zkvfib.jpg,A7300338-1024x683_zkvfib.jpg,no,0,
A7300343-1024x683_y9nand.jpg,A7300343-1024x683_y9nand.jpg,no,0,
A7300348-1024x683_xvedag.jpg,A7300348-1024x683_xvedag.jpg,no,0,
A7300367-1024x683_lnhqrt.jpg,A7300367-1024x683_lnhqrt.jpg,no,0,
A7300369-1024x683_cxdn75.jpg,A7300369-1024x683_cxdn75.jpg,no,0,
A7300373-1024x683_mqaqmg.jpg,A7300373-1024x683_mqaqmg.jpg,no,0,
A7300376-1024x683_uv82ns.jpg,A7300376-1024x683_uv82ns.jpg,no,0,
A7300723-1024x683_jfsjyg.jpg,A7300723-1024x683_jfsjyg.jpg,no,0,
A7300731-1024x654_xcwntd.jpg,A7300731-1024x654_xcwntd.jpg,no,0,
A7300732-1024x683_rvba7z.jpg,A7300732-1024x683_rvba7z.jpg,no,0,
A7300733-1024x642_t1fd8f.jpg,A7300733-1024x642_t1fd8f.jpg,no,0,
A7300734-1024x645_xt0ed2.jpg,A7300734-1024x645_xt0ed2.jpg,no,0,
A7300763-1024x683_vfvrq8.jpg,A7300763-1024x683_vfvrq8.jpg,no,0,
A7300768-1024x683_qlsaig.jpg,A7300768-1024x683_qlsaig.jpg,no,0,
A7300790-1024x683_ifl3hn.jpg,A7300790-1024x683_ifl3hn.jpg,no,0,
A7300820-1024x683_rh8gsj.jpg,A7300820-1024x683_rh8gsj.jpg,no,0,
A7301110-1024x665_rxooji.jpg,A7301110-1024x665_rxooji.jpg,no,0,
A7301120-1024x683_ulqp5l.jpg,A7301120-1024x683_ulqp5l.jpg,no,0,
About-_1_lbw5wd.jpg,About-_1_lbw5wd.jpg,no,0,
About-us_e3pzcc.jpg,About-us_e3pzcc.jpg,no,0,
africanArtsTrust_e3pybb.jpg,africanArtsTrust_e3pybb.jpg,yes,1,https://res.cloudinary.com/medoptics-image-cloud/image/upload/v1752656800/africanArtsTrust_e3pybb.jpg
afropocene_main.png,afropocene_main.png,no,0,
afropoceneScreenshot_qwd27h.png,afropoceneScreenshot_qwd27h.png,no,0,
afrotide_g6egnn.jpg,afrotide_g6egnn.jpg,no,0,
AFRPCN_ythfti.svg,AFRPCN_ythfti.svg,no,0,
afrpcn-praxis_main.png,afrpcn-praxis_main.png,no,0,
Alex_qkkwr3.jpg,Alex_qkkwr3.jpg,no,0,
AMW_Cropped_zguxn7.png,AMW_Cropped_zguxn7.png,no,0,
anguyo.jpg,anguyo.jpg,no,0,
AnguyoPFP.d8c042b3_1_ub5ssi.jpg,AnguyoPFP.d8c042b3_1_ub5ssi.jpg,no,0,
AON-MINET_jwjmeq.jpg,AON-MINET_jwjmeq.jpg,no,0,
APA_pra0ek.png,APA_pra0ek.png,no,0,
aponye_eih0rd.jpg,aponye_eih0rd.jpg,no,0,
aponye_f6lixf.jpg,aponye_f6lixf.jpg,no,0,
APRON-3_ko38ic.svg,APRON-3_ko38ic.svg,no,0,
Arua_s3ogph.png,Arua_s3ogph.png,no,0,
arua_wqdswp.jpg,arua_wqdswp.jpg,no,0,
arua.png,arua.png,no,0,
ashton-carrington_main.png,ashton-carrington_main.png,no,0,
Black_And_White_Modern_Vintage_Retro_Brand_Logo_1_ds7jor.svg,Black_And_White_Modern_Vintage_Retro_Brand_Logo_1_ds7jor.svg,no,0,
Black_And_White_Modern_Vintage_Retro_Brand_Logo_b4pr7b.svg,Black_And_White_Modern_Vintage_Retro_Brand_Logo_b4pr7b.svg,no,0,
Black_White_Minimalist_Business_Logo_1_-cropped_drtg6a.svg,Black_White_Minimalist_Business_Logo_1_-cropped_drtg6a.svg,no,0,
Black_White_Minimalist_Business_Logo_1_rz9kka.svg,Black_White_Minimalist_Business_Logo_1_rz9kka.svg,no,0,
Black_White_Minimalist_Business_Logo_3_jmyrq6.svg,Black_White_Minimalist_Business_Logo_3_jmyrq6.svg,no,0,
Black_White_Minimalist_Business_Logo_btc6jv.svg,Black_White_Minimalist_Business_Logo_btc6jv.svg,yes,1,https://res.cloudinary.com/medoptics-image-cloud/image/upload/v1746789460/Black_White_Minimalist_Business_Logo_btc6jv.svg
BritishCouncil_baddf4.png,BritishCouncil_baddf4.png,yes,1,https://res.cloudinary.com/medoptics-image-cloud/image/upload/v1747919860/BritishCouncil_baddf4.png
bwindi-impenetrable-forest-355180_1280_u5pdru.jpg,bwindi-impenetrable-forest-355180_1280_u5pdru.jpg,no,0,
Case-Hospital_mpgskm.jpg,Case-Hospital_mpgskm.jpg,no,0,
casehospital.jpg,casehospital.jpg,no,0,
Cigna_Insurance_Logo_hgyqbq.jpg,Cigna_Insurance_Logo_hgyqbq.jpg,no,0,
cld-sample-2.jpg,cld-sample-2.jpg,no,0,
cld-sample-3.jpg,cld-sample-3.jpg,no,0,
cld-sample-4.jpg,cld-sample-4.jpg,no,0,
cld-sample-5.jpg,cld-sample-5.jpg,no,0,
cld-sample.jpg,cld-sample.jpg,no,0,
coffeatlastlgog_lsat63-removebg-preview_k5vfbh.png,coffeatlastlgog_lsat63-removebg-preview_k5vfbh.png,no,0,
coffeatlastlgog_lsat63.png,coffeatlastlgog_lsat63.png,no,0,
Committed_tncrxa.svg,Committed_tncrxa.svg,no,0,
Consultant_zl8arc.jpg,Consultant_zl8arc.jpg,no,0,
darlyne_ngjhut.jpg,darlyne_ngjhut.jpg,no,0,
DKR_LOMAN_RESIDENCY_228_g7kj1z.jpg,DKR_LOMAN_RESIDENCY_228_g7kj1z.jpg,no,0,
DKR_LOMAN_RESIDENCY_234_trfxro.jpg,DKR_LOMAN_RESIDENCY_234_trfxro.jpg,no,0,
DKR_LOMAN_RESIDENCY_243_gmjseo.jpg,DKR_LOMAN_RESIDENCY_243_gmjseo.jpg,no,0,
DKR_LOMAN_RESIDENCY_257_ijtd7a.jpg,DKR_LOMAN_RESIDENCY_257_ijtd7a.jpg,no,0,
DKR_LOMAN_RESIDENCY_260_edx0ln.jpg,DKR_LOMAN_RESIDENCY_260_edx0ln.jpg,no,0,
DKR_LOMAN_RESIDENCY_261_qzqpps.jpg,DKR_LOMAN_RESIDENCY_261_qzqpps.jpg,no,0,
DKR_LOMAN_RESIDENCY_269_srojrb.jpg,DKR_LOMAN_RESIDENCY_269_srojrb.jpg,no,0,
DKR_LOMAN_RESIDENCY_271_pvksd7.jpg,DKR_LOMAN_RESIDENCY_271_pvksd7.jpg,no,0,
DKR_LOMAN_RESIDENCY_690_jvyswf.jpg,DKR_LOMAN_RESIDENCY_690_jvyswf.jpg,no,0,
DKR_LOMAN_RESIDENCY_714_iuopyq.jpg,DKR_LOMAN_RESIDENCY_714_iuopyq.jpg,no,0,
DKR_LOMAN_RESIDENCY_724_cak08f.jpg,DKR_LOMAN_RESIDENCY_724_cak08f.jpg,no,0,
DKR_LOMAN_RESIDENCY_816_flwscb.jpg,DKR_LOMAN_RESIDENCY_816_flwscb.jpg,no,0,
DKR_LOMAN_RESIDENCY_823_egkmga.jpg,DKR_LOMAN_RESIDENCY_823_egkmga.jpg,no,0,
DKR_LOMAN_RESIDENCY_824_tlknuh.jpg,DKR_LOMAN_RESIDENCY_824_tlknuh.jpg,no,0,
DKR_LOMAN_RESIDENCY_838_ipgtm0.jpg,DKR_LOMAN_RESIDENCY_838_ipgtm0.jpg,no,0,
Doen-Logo_nn8ua7.png,Doen-Logo_nn8ua7.png,yes,1,https://res.cloudinary.com/medoptics-image-cloud/image/upload/v1747919874/Doen-Logo_nn8ua7.png
eatsBiz.jpg,eatsBiz.jpg,no,0,
Emma_flip_frame_.pdf_1_zcijfi.png,Emma_flip_frame_.pdf_1_zcijfi.png,no,0,
Emma_flip_frame_.pdf_2_aayxza.png,Emma_flip_frame_.pdf_2_aayxza.png,no,0,
Emma_flip_frame_.pdf_3_wlj9gy.png,Emma_flip_frame_.pdf_3_wlj9gy.png,no,0,
Emma_flip_frame_.pdf_4_t6kzdn.png,Emma_flip_frame_.pdf_4_t6kzdn.png,no,0,
Emma_flip_frame_.pdf_5_iktc7d.png,Emma_flip_frame_.pdf_5_iktc7d.png,no,0,
Emma_flip_frame_.pdf_ddqmiq.png,Emma_flip_frame_.pdf_ddqmiq.png,no,0,
Emma_flip_frame_gi3zis.pdf,Emma_flip_frame_gi3zis.pdf,no,0,
EyeTest1.jpg,EyeTest1.jpg,no,0,
EyeTest2.jpg,EyeTest2.jpg,no,0,
EyeTest3.jpg,EyeTest3.jpg,no,0,
farmtotable_ilqbss.jpg,farmtotable_ilqbss.jpg,no,0,
file_1_rkzxs3.svg,file_1_rkzxs3.svg,no,0,
file_dpdbum.svg,file_dpdbum.svg,no,0,
fishBoyz.png,fishBoyz.png,no,0,
forestmall_wighmi.jpg,forestmall_wighmi.jpg,no,0,
forestmall.jpg,forestmall.jpg,no,0,
GA_ngnhmk.png,GA_ngnhmk.png,no,0,
glovo.png,glovo.png,no,0,
Graphic_waves_qtvac7.svg,Graphic_waves_qtvac7.svg,no,0,
Graphic-1-Transparent_1_y95aqf.svg,Graphic-1-Transparent_1_y95aqf.svg,no,0,
Graphic-1-Transparent_puwbfg.svg,Graphic-1-Transparent_puwbfg.svg,no,0,
Graphic-2-Transparent_xw68uq.svg,Graphic-2-Transparent_xw68uq.svg,no,0,
great_outdoors_main.png,great_outdoors_main.png,no,0,
gsd-logo_llsuoq.webp,gsd-logo_llsuoq.webp,no,0,
HB_Tasting_Latitude1_xokccg.png,HB_Tasting_Latitude1_xokccg.png,no,0,
HB_Tasting_Latitude2_qh91nd.png,HB_Tasting_Latitude2_qh91nd.png,no,0,
HB_Tasting_Letaru_2_axwfee.png,HB_Tasting_Letaru_2_axwfee.png,no,0,
HB_tasting_letaru_aopu57.png,HB_tasting_letaru_aopu57.png,no,0,
HB_tasting_letaru_f0sh9o.png,HB_tasting_letaru_f0sh9o.png,no,0,
HB_tasting_letaru_wbk5ed.png,HB_tasting_letaru_wbk5ed.png,no,0,
henrypfp.png,henrypfp.png,no,0,
Horizontal_Graphic_1_hgplqw.svg,Horizontal_Graphic_1_hgplqw.svg,no,0,
Horizontal_Graphic_2_t3u7gw.svg,Horizontal_Graphic_2_t3u7gw.svg,no,0,
Horizontal_Graphic_oxspzu.svg,Horizontal_Graphic_oxspzu.svg,no,0,
Humble_Beeing_Black_Logo_with_text.svg,Humble_Beeing_Black_Logo_with_text.svg,no,0,
Humble_beeing_black_no_text.png,Humble_beeing_black_no_text.png,no,0,
Humble_beeing_logo_white-transparent.png,Humble_beeing_logo_white-transparent.png,no,0,
ICEA_cumz8v.png,ICEA_cumz8v.png,no,0,
IFA_Logo_eag4em.svg,IFA_Logo_eag4em.svg,no,0,
image_jygvmy.svg,image_jygvmy.svg,no,0,
image-black_bfyziv.svg,image-black_bfyziv.svg,no,0,
image-black-2_m163vh.svg,image-black-2_m163vh.svg,no,0,
images_1_jje5hj.jpg,images_1_jje5hj.jpg,no,0,
images_2_zpvxof.jpg,images_2_zpvxof.jpg,no,0,
images_fjxltj.jpg,images_fjxltj.jpg,no,0,
IMG_0011_1712752137019.jpg,IMG_0011_1712752137019.jpg,no,0,
IMG_0021_1713447955661.jpg,IMG_0021_1713447955661.jpg,no,0,
IMG_0027_1713446030082.jpg,IMG_0027_1713446030082.jpg,no,0,
IMG_0028_1713446030092.jpg,IMG_0028_1713446030092.jpg,no,0,
IMG_0032_1713451371477.jpg,IMG_0032_1713451371477.jpg,no,0,
IMG_0034_1713451371483.jpg,IMG_0034_1713451371483.jpg,no,0,
IMG_0035_1713451374013.jpg,IMG_0035_1713451374013.jpg,no,0,
IMG_0047_1712748399368.jpg,IMG_0047_1712748399368.jpg,no,0,
IMG_0048_1712748449220.jpg,IMG_0048_1712748449220.jpg,no,0,
IMG_0049_1712748449227.jpg,IMG_0049_1712748449227.jpg,no,0,
IMG_0072_1713446033324.jpg,IMG_0072_1713446033324.jpg,no,0,
IMG_0072_n3ab2i.jpg,IMG_0072_n3ab2i.jpg,no,0,
IMG_0075_1713446030096.jpg,IMG_0075_1713446030096.jpg,no,0,
IMG_0078_1713446030100.jpg,IMG_0078_1713446030100.jpg,no,0,
IMG_0079_1713447958716.jpg,IMG_0079_1713447958716.jpg,no,0,
IMG_0083_1713447955664.jpg,IMG_0083_1713447955664.jpg,no,0,
IMG_0095_mtjmmk.jpg,IMG_0095_mtjmmk.jpg,no,0,
IMG_0095_zdx7pv.jpg,IMG_0095_zdx7pv.jpg,no,0,
IMG_0100_1713260386656.jpg,IMG_0100_1713260386656.jpg,no,0,
IMG_0100_1713261714160.jpg,IMG_0100_1713261714160.jpg,no,0,
IMG_0100_1713263201819.jpg,IMG_0100_1713263201819.jpg,no,0,
IMG_0100_1713263582176.jpg,IMG_0100_1713263582176.jpg,no,0,
IMG_0100_1713263588929.jpg,IMG_0100_1713263588929.jpg,no,0,
IMG_0100_1713264080706.jpg,IMG_0100_1713264080706.jpg,no,0,
IMG_0100_nb3zq6.jpg,IMG_0100_nb3zq6.jpg,no,0,
IMG_0111_m68vis.jpg,IMG_0111_m68vis.jpg,no,0,
IMG_0124_1712752137024.jpg,IMG_0124_1712752137024.jpg,no,0,
IMG_0126_1712748449233.jpg,IMG_0126_1712748449233.jpg,no,0,
IMG_0145_aswkq8.jpg,IMG_0145_aswkq8.jpg,no,0,
IMG_0151_1712748449230.jpg,IMG_0151_1712748449230.jpg,no,0,
IMG_0151_wrxcit.jpg,IMG_0151_wrxcit.jpg,no,0,
IMG_0164_btiwkk.jpg,IMG_0164_btiwkk.jpg,no,0,
IMG_0176_1712752137021.jpg,IMG_0176_1712752137021.jpg,no,0,
IMG_0179_yp5qch.jpg,IMG_0179_yp5qch.jpg,no,0,
IMG_0185_c83zq7.jpg,IMG_0185_c83zq7.jpg,no,0,
IMG_0203_ekodw2.jpg,IMG_0203_ekodw2.jpg,no,0,
IMG_0203_s6bliw.jpg,IMG_0203_s6bliw.jpg,no,0,
IMG_0205_1713263582171.jpg,IMG_0205_1713263582171.jpg,no,0,
IMG_0205_1713263585855.jpg,IMG_0205_1713263585855.jpg,no,0,
IMG_0205_1713263588924.jpg,IMG_0205_1713263588924.jpg,no,0,
IMG_0205_1713263592136.jpg,IMG_0205_1713263592136.jpg,no,0,
IMG_0206_1713260341964.jpg,IMG_0206_1713260341964.jpg,no,0,
IMG_0206_1713260386651.jpg,IMG_0206_1713260386651.jpg,no,0,
IMG_0207_1713261714155.jpg,IMG_0207_1713261714155.jpg,no,0,
IMG_0210_1713263201813.jpg,IMG_0210_1713263201813.jpg,no,0,
IMG_0210_1713263205377.jpg,IMG_0210_1713263205377.jpg,no,0,
IMG_0212_1713264080698.jpg,IMG_0212_1713264080698.jpg,no,0,
IMG_0212_1713264083205.jpg,IMG_0212_1713264083205.jpg,no,0,
IMG_0214_ma3gau.jpg,IMG_0214_ma3gau.jpg,no,0,
IMG_0227_itdwgl.jpg,IMG_0227_itdwgl.jpg,no,0,
IMG_0227_mrfdsc.jpg,IMG_0227_mrfdsc.jpg,no,0,
IMG_0231_jpk3oz.jpg,IMG_0231_jpk3oz.jpg,no,0,
IMG_0291_pkvi7q.jpg,IMG_0291_pkvi7q.jpg,no,0,
IMG_0685-scaled_hwn4m2.jpg,IMG_0685-scaled_hwn4m2.jpg,no,0,
IMG_0688-scaled_yczxi3.jpg,IMG_0688-scaled_yczxi3.jpg,no,0,
IMG_1311-43_ipofvy.jpg,IMG_1311-43_ipofvy.jpg,no,0,
IMG_20200215_095503_ilzk6x.jpg,IMG_20200215_095503_ilzk6x.jpg,no,0,
IMG_20200215_095503_n1naci.jpg,IMG_20200215_095503_n1naci.jpg,no,0,
IMG_2210_jvdyfm.jpg,IMG_2210_jvdyfm.jpg,no,0,
IMG_2212_l5fx2c.jpg,IMG_2212_l5fx2c.jpg,no,0,
IMG_2217_jzmbtf.jpg,IMG_2217_jzmbtf.jpg,no,0,
IMG_2221_ryesef.jpg,IMG_2221_ryesef.jpg,no,0,
IMG_2223_dt22ni.jpg,IMG_2223_dt22ni.jpg,no,0,
IMG_2224_fwho9w.jpg,IMG_2224_fwho9w.jpg,no,0,
IMG_2227_lipegq.jpg,IMG_2227_lipegq.jpg,no,0,
IMG_2231_ljsmed.jpg,IMG_2231_ljsmed.jpg,no,0,
IMG_2234_hdynme.jpg,IMG_2234_hdynme.jpg,no,0,
IMG_2241_arzcyt.jpg,IMG_2241_arzcyt.jpg,no,0,
IMG_2243_qkn9oy.jpg,IMG_2243_qkn9oy.jpg,no,0,
IMG_2249_ovsbnn.jpg,IMG_2249_ovsbnn.jpg,no,0,
IMG_2432-2-scaled-e1671037067747_xsovzl.jpg,IMG_2432-2-scaled-e1671037067747_xsovzl.jpg,no,0,
IMG_2498-2-scaled-e1671048069683_vfr5dv.jpg,IMG_2498-2-scaled-e1671048069683_vfr5dv.jpg,no,0,
IMG_3184-1024x683-1-e1671047429238_ucl3jf.jpg,IMG_3184-1024x683-1-e1671047429238_ucl3jf.jpg,no,0,
IMG_3683-scaled_jfptod.jpg,IMG_3683-scaled_jfptod.jpg,no,0,
IMG_3683-scaled_wby9wk.jpg,IMG_3683-scaled_wby9wk.jpg,no,0,
IMG_3701-scaled_agc8bi.jpg,IMG_3701-scaled_agc8bi.jpg,no,0,
IMG_3897-1024x683_kpibsc.jpg,IMG_3897-1024x683_kpibsc.jpg,no,0,
IMG_3908-1024x683_suoh8v.jpg,IMG_3908-1024x683_suoh8v.jpg,no,0,
IMG_3959-scaled_jd1awh.jpg,IMG_3959-scaled_jd1awh.jpg,no,0,
IMG_4029-scaled_wygye5.jpg,IMG_4029-scaled_wygye5.jpg,no,0,
IMG_4045-scaled_umaqq6.jpg,IMG_4045-scaled_umaqq6.jpg,no,0,
IMG_4353-1024x683_wt2qsj.jpg,IMG_4353-1024x683_wt2qsj.jpg,no,0,
IMG_4475-1024x683_t0ijli.jpg,IMG_4475-1024x683_t0ijli.jpg,no,0,
IMG_4475-scaled_zlmfjc.jpg,IMG_4475-scaled_zlmfjc.jpg,no,0,
IMG_4904-Copy_xd8f6m.jpg,IMG_4904-Copy_xd8f6m.jpg,no,0,
IMG_7477-1000x1000_nbrbgt_qrys1q.jpg,IMG_7477-1000x1000_nbrbgt_qrys1q.jpg,no,0,
IMG_7477-1000x1000_nbrbgt.jpg,IMG_7477-1000x1000_nbrbgt.jpg,no,0,
IMG_844443-2_lvd6bz.jpg,IMG_844443-2_lvd6bz.jpg,no,0,
IMG_8943-2_gdlxkq.jpg,IMG_8943-2_gdlxkq.jpg,no,0,
IMG_8943-2_jh9wgb.jpg,IMG_8943-2_jh9wgb.jpg,no,0,
IMG_9060_mtrnge.jpg,IMG_9060_mtrnge.jpg,no,0,
IMG_9060-2_hbfqd4.jpg,IMG_9060-2_hbfqd4.jpg,no,0,
IMG_9093-scaled_lb7gia.jpg,IMG_9093-scaled_lb7gia.jpg,no,0,
IMG_9107-scaled_c3afid.jpg,IMG_9107-scaled_c3afid.jpg,no,0,
IMG_9107-scaled_cbnbbk.jpg,IMG_9107-scaled_cbnbbk.jpg,no,0,
IMG_9119-scaled_ym6v1p.jpg,IMG_9119-scaled_ym6v1p.jpg,no,0,
IMG_9124-scaled_tvyhqg.jpg,IMG_9124-scaled_tvyhqg.jpg,no,0,
IMG_9127-1024x683_mtfxvr.jpg,IMG_9127-1024x683_mtfxvr.jpg,no,0,
IMG_9687_hxrtym.jpg,IMG_9687_hxrtym.jpg,no,0,
IMG_9798_xqaihq.jpg,IMG_9798_xqaihq.jpg,no,0,
IMG_9893_1712746079768.jpg,IMG_9893_1712746079768.jpg,no,0,
IMG_9893_1712746082162.jpg,IMG_9893_1712746082162.jpg,no,0,
IMG_9910_1712752137013.jpg,IMG_9910_1712752137013.jpg,no,0,
IMG_9911_1712752107427.jpg,IMG_9911_1712752107427.jpg,no,0,
IMG-20211216-WA0012-e1671046591860_zmxnir.jpg,IMG-20211216-WA0012-e1671046591860_zmxnir.jpg,no,0,
IMG-20211216-WA0060_ubzh0b.jpg,IMG-20211216-WA0060_ubzh0b.jpg,no,0,
Innovative_sfelwb.svg,Innovative_sfelwb.svg,no,0,
item_10094_fum3ab.png,item_10094_fum3ab.png,no,0,
JUBILEE_fnzxai.png,JUBILEE_fnzxai.png,no,0,
kaddu-wasswa_yad62g.jpg,kaddu-wasswa_yad62g.jpg,no,0,
karuanyogologo_btlwvf.png,karuanyogologo_btlwvf.png,no,0,
karuna-brand_cgruz0.png,karuna-brand_cgruz0.png,no,0,
koboko_1713447955666.png,koboko_1713447955666.png,no,0,
Lab-Test-FA-2025-10664_copy_of2v1k.pdf,Lab-Test-FA-2025-10664_copy_of2v1k.pdf,no,0,
Lab-Test-Results-ML-2025-06446_ovreug.pdf,Lab-Test-Results-ML-2025-06446_ovreug.pdf,no,0,
latitude-logo-black_vswv88.png,latitude-logo-black_vswv88.png,no,0,
legourmetlogo_jwnh4y.png,legourmetlogo_jwnh4y.png,no,0,
lela-pit-flyer_jriguq.jpg,lela-pit-flyer_jriguq.jpg,no,0,
LetaruPFP.3d162952_kvvv1k.png,LetaruPFP.3d162952_kvvv1k.png,no,0,
LIBERTY_liyt1v.png,LIBERTY_liyt1v.png,no,0,
little-kobe_main.png,little-kobe_main.png,no,0,
liz_qxpf7a.jpg,liz_qxpf7a.jpg,no,0,
Logo-Black_e2b52c60-8cb6-4ed1-81ff-c0a86bb0795f_acagzq.svg,Logo-Black_e2b52c60-8cb6-4ed1-81ff-c0a86bb0795f_acagzq.svg,no,0,
lOGO-LARGE-transparent_gl7jrn.png,lOGO-LARGE-transparent_gl7jrn.png,no,0,
Logo-with-words-TRANSPARENT_us7dmd.png,Logo-with-words-TRANSPARENT_us7dmd.png,no,0,
lubaga_sermov.jpg,lubaga_sermov.jpg,no,0,
Lubaga_vdyjhz.png,Lubaga_vdyjhz.png,no,0,
lubaga.png,lubaga.png,no,0,
mabirizi_rodocw.png,mabirizi_rodocw.png,no,0,
mabirizi.png,mabirizi.png,no,0,
marie_stopes_yvwpfp.png,marie_stopes_yvwpfp.png,no,0,
Masaka_vnfaya.png,Masaka_vnfaya.png,no,0,
Masaka.png,Masaka.png,no,0,
Med-Optics_ly2gge.svg,Med-Optics_ly2gge.svg,no,0,
Med-Optics-Slide1.png,Med-Optics-Slide1.png,no,0,
Medoptics-sunglasses-5-scaled-1000x1000_mnzdbx.jpg,Medoptics-sunglasses-5-scaled-1000x1000_mnzdbx.jpg,no,0,
MG_1907-1024x683_agoyxy.jpg,MG_1907-1024x683_agoyxy.jpg,no,0,
MG_2065-1024x683_khthhc.jpg,MG_2065-1024x683_khthhc.jpg,no,0,
MG_2634-3-e1671000104768_k2zbhy.jpg,MG_2634-3-e1671000104768_k2zbhy.jpg,no,0,
MG_2753-2_vkitl3.jpg,MG_2753-2_vkitl3.jpg,no,0,
MG_2898-2_y3khog.jpg,MG_2898-2_y3khog.jpg,no,0,
MG_3121-2_mhxf94.jpg,MG_3121-2_mhxf94.jpg,no,0,
MG_3259-e1670999426473_bi45fv.jpg,MG_3259-e1670999426473_bi45fv.jpg,no,0,
MG_3259-e1670999426473_hj0cse.jpg,MG_3259-e1670999426473_hj0cse.jpg,no,0,
MG_3272-1024x683-1_remsqp.jpg,MG_3272-1024x683-1_remsqp.jpg,no,0,
MG_3316-e1671369861591_v1zw6w.jpg,MG_3316-e1671369861591_v1zw6w.jpg,no,0,
MG_3335-300x200-1_ksybqo.jpg,MG_3335-300x200-1_ksybqo.jpg,no,0,
MG_4163_vbv2ja.jpg,MG_4163_vbv2ja.jpg,no,0,
MG_4401-1024x683-1_ncjnns.jpg,MG_4401-1024x683-1_ncjnns.jpg,no,0,
Miwani_hld527.png,Miwani_hld527.png,no,0,
mukono_ctpr1s.jpg,mukono_ctpr1s.jpg,no,0,
Mukono_shkdlu.png,Mukono_shkdlu.png,no,0,
mukono.png,mukono.png,no,0,
neko-logo_f5fiok.png,neko-logo_f5fiok.png,no,0,
nekosero_main.png,nekosero_main.png,no,0,
nekosero_screenshot_yu7dll.png,nekosero_screenshot_yu7dll.png,no,0,
nekosero1.svg,nekosero1.svg,no,0,
nekosero2.jpg,nekosero2.jpg,no,0,
nekosero3.svg,nekosero3.svg,no,0,
nekosero5_-_Landscape_Post_1_vviwsg.png,nekosero5_-_Landscape_Post_1_vviwsg.png,no,0,
nekosero5.png,nekosero5.png,no,0,
Obaya_honey_week_m4wiae.png,Obaya_honey_week_m4wiae.png,no,0,
ObayaPFP.26bfbd84_puexik.jpg,ObayaPFP.26bfbd84_puexik.jpg,no,0,
P9254990-500x375_yzrpda.jpg,P9254990-500x375_yzrpda.jpg,no,0,
P9255063-500x375_gqgkqj.jpg,P9255063-500x375_gqgkqj.jpg,no,0,
P9255113-500x375_ysg5js.jpg,P9255113-500x375_ysg5js.jpg,no,0,
papec_main.png,papec_main.png,no,0,
People__Potential-Logo_Full_Color-1_h5ler3.png,People__Potential-Logo_Full_Color-1_h5ler3.png,no,0,
People__Potential-Logo_Full_Color-1_wno2bv.png,People__Potential-Logo_Full_Color-1_wno2bv.png,no,0,
Personable_j0oqxz.svg,Personable_j0oqxz.svg,no,0,
pexels-anna-shvets-3846023_xipiiv.jpg,pexels-anna-shvets-3846023_xipiiv.jpg,no,0,
pexels-apasaric-3423860_ddbmcf.jpg,pexels-apasaric-3423860_ddbmcf.jpg,no,0,
pexels-divinetechygirl-1181355_g1qwia.jpg,pexels-divinetechygirl-1181355_g1qwia.jpg,no,0,
pexels-divinetechygirl-1181396_dfhvy7.jpg,pexels-divinetechygirl-1181396_dfhvy7.jpg,no,0,
pexels-emmy-e-2381069_he6ive.jpg,pexels-emmy-e-2381069_he6ive.jpg,no,0,
pexels-ferenc-tóth-700728_cbpvry.jpg,pexels-ferenc-tóth-700728_cbpvry.jpg,no,0,
pexels-ironic-695657_stwhfy.jpg,pexels-ironic-695657_stwhfy.jpg,no,0,
pexels-ksenia-chernaya-5752309_bvqsze.jpg,pexels-ksenia-chernaya-5752309_bvqsze.jpg,no,0,
pexels-markus-winkler-1430818-3708747_jpg0ea.jpg,pexels-markus-winkler-1430818-3708747_jpg0ea.jpg,no,0,
pexels-nataliya-vaitkevich-5842842_rspx6j.jpg,pexels-nataliya-vaitkevich-5842842_rspx6j.jpg,no,0,
pexels-pavel-danilyuk-5996704_fhvero.jpg,pexels-pavel-danilyuk-5996704_fhvero.jpg,no,0,
pexels-ryutaro-5473228_sll1wz.jpg,pexels-ryutaro-5473228_sll1wz.jpg,no,0,
pexels-shvetsa-3846022_qvifqt.jpg,pexels-shvetsa-3846022_qvifqt.jpg,no,0,
Picture5-2_gwe6xz.jpg,Picture5-2_gwe6xz.jpg,no,0,
png-clipart-aga-khan-school-dhaka-aga-khan-education-services-national-secondary-school-institutions-angle-leaf_w4xj6j.png,png-clipart-aga-khan-school-dhaka-aga-khan-education-services-national-secondary-school-institutions-angle-leaf_w4xj6j.png,no,0,
PP-Website-Banner-4_mv8poh.jpg,PP-Website-Banner-4_mv8poh.jpg,no,0,
PP-Website-Banner-7_cz77xw.jpg,PP-Website-Banner-7_cz77xw.jpg,no,0,
PP-Website-Banner-9_tviyet.jpg,PP-Website-Banner-9_tviyet.jpg,no,0,
PP1_w92zkp.jpg,PP1_w92zkp.jpg,no,0,
PP2_opeier.jpg,PP2_opeier.jpg,no,0,
PP2_vgac0v.jpg,PP2_vgac0v.jpg,no,0,
praxis-labs-logo_olljaf.png,praxis-labs-logo_olljaf.png,yes,1,https://res.cloudinary.com/medoptics-image-cloud/image/upload/v1747920205/praxis-labs-logo_olljaf.png
random-institute-zXu9RsYKgHA-unsplash_qcpgiy.jpg,random-institute-zXu9RsYKgHA-unsplash_qcpgiy.jpg,no,0,
Reliable_jusezx.svg,Reliable_jusezx.svg,no,0,
Reliable_tkbbqu.svg,Reliable_tkbbqu.svg,no,0,
sample.jpg,sample.jpg,no,0,
cat.jpg,samples/animals/cat.jpg,no,0,
kitten-playing.gif,samples/animals/kitten-playing.gif,no,0,
reindeer.jpg,samples/animals/reindeer.jpg,no,0,
three-dogs.jpg,samples/animals/three-dogs.jpg,no,0,
bike.jpg,samples/bike.jpg,no,0,
cloudinary-group.jpg,samples/cloudinary-group.jpg,no,0,
cloudinary-icon.png,samples/cloudinary-icon.png,no,0,
cloudinary-logo-vector.svg,samples/cloudinary-logo-vector.svg,no,0,
accessories-bag.jpg,samples/ecommerce/accessories-bag.jpg,no,0,
analog-classic.jpg,samples/ecommerce/analog-classic.jpg,no,0,
car-interior-design.jpg,samples/ecommerce/car-interior-design.jpg,no,0,
leather-bag-gray.jpg,samples/ecommerce/leather-bag-gray.jpg,no,0,
shoes.png,samples/ecommerce/shoes.png,no,0,
dessert.jpg,samples/food/dessert.jpg,no,0,
fish-vegetables.jpg,samples/food/fish-vegetables.jpg,no,0,
pot-mussels.jpg,samples/food/pot-mussels.jpg,no,0,
spices.jpg,samples/food/spices.jpg,no,0,
imagecon-group.jpg,samples/imagecon-group.jpg,no,0,
architecture-signs.jpg,samples/landscapes/architecture-signs.jpg,no,0,
beach-boat.jpg,samples/landscapes/beach-boat.jpg,no,0,
girl-urban-view.jpg,samples/landscapes/girl-urban-view.jpg,no,0,
landscape-panorama.jpg,samples/landscapes/landscape-panorama.jpg,no,0,
nature-mountains.jpg,samples/landscapes/nature-mountains.jpg,no,0,
bicycle.jpg,samples/people/bicycle.jpg,no,0,
boy-snow-hoodie.jpg,samples/people/boy-snow-hoodie.jpg,no,0,
jazz.jpg,samples/people/jazz.jpg,no,0,
kitchen-bar.jpg,samples/people/kitchen-bar.jpg,no,0,
smiling-man.jpg,samples/people/smiling-man.jpg,no,0,
sheep.jpg,samples/sheep.jpg,no,0,
Screenshot_from_2023-08-10_16-23-10_kylnck.png,Screenshot_from_2023-08-10_16-23-10_kylnck.png,no,0,
Screenshot_from_2023-08-10_16-25-39_evsnsk.png,Screenshot_from_2023-08-10_16-25-39_evsnsk.png,no,0,
Screenshot_from_2023-11-02_11-25-13_ufpos1.png,Screenshot_from_2023-11-02_11-25-13_ufpos1.png,no,0,
Screenshot_from_2023-11-14_11-23-35_afwrej.png,Screenshot_from_2023-11-14_11-23-35_afwrej.png,no,0,
showa-period-1200x801_u4enh1.jpg,showa-period-1200x801_u4enh1.jpg,no,0,
Slide-1.png,Slide-1.png,no,0,
Slide-2.png,Slide-2.png,no,0,
Slide-3.png,Slide-3.png,no,0,
Slide-4.png,Slide-4.png,no,0,
Slide-5_j6oued.png,Slide-5_j6oued.png,no,0,
Slide-5_rzjiaj.png,Slide-5_rzjiaj.png,no,0,
slider-3_yoybfu.jpg,slider-3_yoybfu.jpg,no,0,
Snapinst.app_472289692_1060812559393318_6006079384320386073_n_1080_j3zpuz.jpg,Snapinst.app_472289692_1060812559393318_6006079384320386073_n_1080_j3zpuz.jpg,no,0,
Snapinst.app_472617525_1060812552726652_4943471425147016599_n_1080_ilh5s4.jpg,Snapinst.app_472617525_1060812552726652_4943471425147016599_n_1080_ilh5s4.jpg,no,0,
sushi.png,sushi.png,no,0,
Taibah-International-School-logo-300x155_kzzuvd.jpg,Taibah-International-School-logo-300x155_kzzuvd.jpg,no,0,
tgo-logo-e1671037379448_tee1nd.png,tgo-logo-e1671037379448_tee1nd.png,no,0,
tgo-logo-white_rnomcw.png,tgo-logo-white_rnomcw.png,no,0,
thTJLxxo_400x400_jgniba.jpg,thTJLxxo_400x400_jgniba.jpg,no,0,
Tierra-Full-Logo-Green_gxnaj6.webp,Tierra-Full-Logo-Green_gxnaj6.webp,no,0,
TUNADO_logo_ssjqo4.png,TUNADO_logo_ssjqo4.png,no,0,
TUNADO_logo-removebg-preview_snymhl.png,TUNADO_logo-removebg-preview_snymhl.png,no,0,
Type_Default_Colour_Gradient_on_Blue_lgi2ha.svg,Type_Default_Colour_Gradient_on_Blue_lgi2ha.svg,no,0,
UAP_rdhv3n.jpg,UAP_rdhv3n.jpg,no,0,
uganda-2111153_1280_jxgoql.jpg,uganda-2111153_1280_jxgoql.jpg,no,0,
UNBS_QMark_Logo_v8hbbz.png,UNBS_QMark_Logo_v8hbbz.png,no,0,
UNBS_QMark_Logo-removebg-preview_s3bysz.png,UNBS_QMark_Logo-removebg-preview_s3bysz.png,no,0,
undraw_conference_re_2yld_bblfid.svg,undraw_conference_re_2yld_bblfid.svg,no,0,
undraw_mindfulness_re_5cuv_kzgcgp.svg,undraw_mindfulness_re_5cuv_kzgcgp.svg,no,0,
undraw_Searching.png,undraw_Searching.png,no,0,
undraw_teacher_re_sico_1_cvyauz.svg,undraw_teacher_re_sico_1_cvyauz.svg,no,0,
undraw_teaching_re_g7e3_ff9imi.svg,undraw_teaching_re_g7e3_ff9imi.svg,no,0,
undraw_team_collaboration_re_ow29_anrjuw.svg,undraw_team_collaboration_re_ow29_anrjuw.svg,no,0,
Untitled_design_3_anjeep.png,Untitled_design_3_anjeep.png,no,0,
Untitled_design_5_qpjpqe.png,Untitled_design_5_qpjpqe.png,no,0,
Untitled_design_6_oh0a8l.png,Untitled_design_6_oh0a8l.png,no,0,
Untitled_design_6_tv0jdx.png,Untitled_design_6_tv0jdx.png,no,0,
Untitled_design_7_p7g8bk.png,Untitled_design_7_p7g8bk.png,no,0,
Untitled_uegrxu.jpg,Untitled_uegrxu.jpg,no,0,
Untitled2_aesw2a.jpg,Untitled2_aesw2a.jpg,no,0,
Untitled2_mfhvem.jpg,Untitled2_mfhvem.jpg,no,0,
Untitled3_fwfagn.jpg,Untitled3_fwfagn.jpg,no,0,
Vector_rdxjfp.svg,Vector_rdxjfp.svg,no,0,
WhatsApp_Image_2023-06-17_at_18.18.59_z7oaw1.jpg,WhatsApp_Image_2023-06-17_at_18.18.59_z7oaw1.jpg,no,0,
WhatsApp_Image_2023-06-17_at_18.19.55_zmrdgj.jpg,WhatsApp_Image_2023-06-17_at_18.19.55_zmrdgj.jpg,no,0,
WhatsApp_Image_2023-06-17_at_18.20.21_kt1k8f.jpg,WhatsApp_Image_2023-06-17_at_18.20.21_kt1k8f.jpg,no,0,
WhatsApp_Image_2023-06-17_at_18.21.32_mjmosb.jpg,WhatsApp_Image_2023-06-17_at_18.21.32_mjmosb.jpg,no,0,
WhatsApp_Image_2023-06-17_at_18.22.29_wfgr4v.jpg,WhatsApp_Image_2023-06-17_at_18.22.29_wfgr4v.jpg,no,0,
WhatsApp_Image_2023-06-23_at_16.32.07_biu4t3.jpg,WhatsApp_Image_2023-06-23_at_16.32.07_biu4t3.jpg,no,0,
WhatsApp_Image_2023-06-23_at_16.33.44_xwtwsu.jpg,WhatsApp_Image_2023-06-23_at_16.33.44_xwtwsu.jpg,no,0,
WhatsApp_Image_2024-05-30_at_21.58.32_1_eywqxr.jpg,WhatsApp_Image_2024-05-30_at_21.58.32_1_eywqxr.jpg,no,0,
WhatsApp_Image_2024-06-24_at_15.23.27_f1iavz.jpg,WhatsApp_Image_2024-06-24_at_15.23.27_f1iavz.jpg,no,0,
WhatsApp_Image_2024-06-24_at_15.23.28_1_ky6jlr.jpg,WhatsApp_Image_2024-06-24_at_15.23.28_1_ky6jlr.jpg,no,0,
WhatsApp_Image_2024-06-24_at_15.23.28_w5cj3y.jpg,WhatsApp_Image_2024-06-24_at_15.23.28_w5cj3y.jpg,no,0,
WhatsApp_Image_2024-06-24_at_15.23.29_hbpm28.jpg,WhatsApp_Image_2024-06-24_at_15.23.29_hbpm28.jpg,no,0,
WhatsApp_Image_2024-06-24_at_16.37.47_spjob2.jpg,WhatsApp_Image_2024-06-24_at_16.37.47_spjob2.jpg,no,0,
WhatsApp_Image_2024-06-24_at_16.37.48_1_iydamo.jpg,WhatsApp_Image_2024-06-24_at_16.37.48_1_iydamo.jpg,no,0,
WhatsApp_Image_2024-06-24_at_16.37.48_3_h2dfyi.jpg,WhatsApp_Image_2024-06-24_at_16.37.48_3_h2dfyi.jpg,no,0,
WhatsApp_Image_2024-06-24_at_16.37.48_oepx0a.jpg,WhatsApp_Image_2024-06-24_at_16.37.48_oepx0a.jpg,no,0,
WhatsApp_Image_2024-06-24_at_16.37.49_1_bhyqnd.jpg,WhatsApp_Image_2024-06-24_at_16.37.49_1_bhyqnd.jpg,no,0,
WhatsApp_Image_2024-06-24_at_16.37.49_2_hap7cd.jpg,WhatsApp_Image_2024-06-24_at_16.37.49_2_hap7cd.jpg,no,0,
WhatsApp_Image_2024-06-24_at_16.37.49_pdadpr.jpg,WhatsApp_Image_2024-06-24_at_16.37.49_pdadpr.jpg,no,0,
WhatsApp_Image_2024-08-02_at_09.22.44_qfehnz.jpg,WhatsApp_Image_2024-08-02_at_09.22.44_qfehnz.jpg,no,0,
WhatsApp_Image_2025-02-05_at_16.49.34_rrov0x.jpg,WhatsApp_Image_2025-02-05_at_16.49.34_rrov0x.jpg,no,0,
WhatsApp_Image_2025-04-25_at_18.38.32_kjo6ai.jpg,WhatsApp_Image_2025-04-25_at_18.38.32_kjo6ai.jpg,no,0,
WhiteLogo_of0ehe.png,WhiteLogo_of0ehe.png,no,0,
drinks_1_converted_vh8sxc.avif,Yujo Drinks Avif/drinks_1_converted_vh8sxc.avif,no,0,
drinks_10_converted_xfcy76.avif,Yujo Drinks Avif/drinks_10_converted_xfcy76.avif,no,0,
drinks_11_converted_ilyve1.avif,Yujo Drinks Avif/drinks_11_converted_ilyve1.avif,no,0,
drinks_12_converted_ljo007.avif,Yujo Drinks Avif/drinks_12_converted_ljo007.avif,no,0,
drinks_13_converted_gf2b1a.avif,Yujo Drinks Avif/drinks_13_converted_gf2b1a.avif,no,0,
drinks_14_converted_ggdgcf.avif,Yujo Drinks Avif/drinks_14_converted_ggdgcf.avif,no,0,
drinks_15_converted_yqrydz.avif,Yujo Drinks Avif/drinks_15_converted_yqrydz.avif,no,0,
drinks_16_converted_s5wbxx.avif,Yujo Drinks Avif/drinks_16_converted_s5wbxx.avif,no,0,
drinks_17_converted_akm8dt.avif,Yujo Drinks Avif/drinks_17_converted_akm8dt.avif,no,0,
drinks_18_converted_lytcje.avif,Yujo Drinks Avif/drinks_18_converted_lytcje.avif,no,0,
drinks_19_converted_spi8ys.avif,Yujo Drinks Avif/drinks_19_converted_spi8ys.avif,no,0,
drinks_2_converted_mb7mdp.avif,Yujo Drinks Avif/drinks_2_converted_mb7mdp.avif,no,0,
drinks_20_converted_uxjkpm.avif,Yujo Drinks Avif/drinks_20_converted_uxjkpm.avif,no,0,
drinks_21_converted_gwjtpf.avif,Yujo Drinks Avif/drinks_21_converted_gwjtpf.avif,no,0,
drinks_22_converted_dqu2av.avif,Yujo Drinks Avif/drinks_22_converted_dqu2av.avif,no,0,
drinks_23_converted_mb9ubz.avif,Yujo Drinks Avif/drinks_23_converted_mb9ubz.avif,no,0,
drinks_24_converted_miq8gc.avif,Yujo Drinks Avif/drinks_24_converted_miq8gc.avif,no,0,
drinks_25_converted_hjpot0.avif,Yujo Drinks Avif/drinks_25_converted_hjpot0.avif,no,0,
drinks_26_converted_ud9aty.avif,Yujo Drinks Avif/drinks_26_converted_ud9aty.avif,no,0,
drinks_27_converted_luge58.avif,Yujo Drinks Avif/drinks_27_converted_luge58.avif,no,0,
drinks_28_converted_rb4vso.avif,Yujo Drinks Avif/drinks_28_converted_rb4vso.avif,no,0,
drinks_29_converted_vdsf6m.avif,Yujo Drinks Avif/drinks_29_converted_vdsf6m.avif,no,0,
drinks_3_converted_xjdf3z.avif,Yujo Drinks Avif/drinks_3_converted_xjdf3z.avif,no,0,
drinks_30_converted_xpbvke.avif,Yujo Drinks Avif/drinks_30_converted_xpbvke.avif,no,0,
drinks_31_converted_z013zt.avif,Yujo Drinks Avif/drinks_31_converted_z013zt.avif,no,0,
drinks_32_converted_xzjb13.avif,Yujo Drinks Avif/drinks_32_converted_xzjb13.avif,no,0,
drinks_4_converted_xheppr.avif,Yujo Drinks Avif/drinks_4_converted_xheppr.avif,no,0,
drinks_5_converted_wpalf8.avif,Yujo Drinks Avif/drinks_5_converted_wpalf8.avif,no,0,
drinks_6_converted_cxcxb9.avif,Yujo Drinks Avif/drinks_6_converted_cxcxb9.avif,no,0,
drinks_7_converted_hlrqmn.avif,Yujo Drinks Avif/drinks_7_converted_hlrqmn.avif,no,0,
drinks_8_converted_e9tfwz.avif,Yujo Drinks Avif/drinks_8_converted_e9tfwz.avif,no,0,
drinks_9_converted_jvezub.avif,Yujo Drinks Avif/drinks_9_converted_jvezub.avif,no,0,
page_1_converted_k024gr.avif,Yujo Food Menu Avif/page_1_converted_k024gr.avif,no,0,
page_10_converted_eunpad.avif,Yujo Food Menu Avif/page_10_converted_eunpad.avif,no,0,
page_11_converted_y8qipr.avif,Yujo Food Menu Avif/page_11_converted_y8qipr.avif,no,0,
page_12_converted_tw9omz.avif,Yujo Food Menu Avif/page_12_converted_tw9omz.avif,no,0,
page_13_converted_j0twpo.avif,Yujo Food Menu Avif/page_13_converted_j0twpo.avif,no,0,
page_14_converted_fedubt.avif,Yujo Food Menu Avif/page_14_converted_fedubt.avif,no,0,
page_15_converted_zpu4ql.avif,Yujo Food Menu Avif/page_15_converted_zpu4ql.avif,no,0,
page_16_converted_zvhc5o.avif,Yujo Food Menu Avif/page_16_converted_zvhc5o.avif,no,0,
page_17_converted_et12lm.avif,Yujo Food Menu Avif/page_17_converted_et12lm.avif,no,0,
page_18_converted_bbzybg.avif,Yujo Food Menu Avif/page_18_converted_bbzybg.avif,no,0,
page_19_converted_plzhiw.avif,Yujo Food Menu Avif/page_19_converted_plzhiw.avif,no,0,
page_2_converted_v7xjgy.avif,Yujo Food Menu Avif/page_2_converted_v7xjgy.avif,no,0,
page_20_converted_ftxyrq.avif,Yujo Food Menu Avif/page_20_converted_ftxyrq.avif,no,0,
page_21_converted_eiki45.avif,Yujo Food Menu Avif/page_21_converted_eiki45.avif,no,0,
page_22_converted_eiqujk.avif,Yujo Food Menu Avif/page_22_converted_eiqujk.avif,no,0,
page_23_converted_fypuc8.avif,Yujo Food Menu Avif/page_23_converted_fypuc8.avif,no,0,
page_24_converted_lmnrcx.avif,Yujo Food Menu Avif/page_24_converted_lmnrcx.avif,no,0,
page_25_converted_lfie9h.avif,Yujo Food Menu Avif/page_25_converted_lfie9h.avif,no,0,
page_26_converted_hnfvjd.avif,Yujo Food Menu Avif/page_26_converted_hnfvjd.avif,no,0,
page_3_converted_lzuulj.avif,Yujo Food Menu Avif/page_3_converted_lzuulj.avif,no,0,
page_4_converted_wqmfot.avif,Yujo Food Menu Avif/page_4_converted_wqmfot.avif,no,0,
page_5_converted_ksaifw.avif,Yujo Food Menu Avif/page_5_converted_ksaifw.avif,no,0,
page_6_converted_tbjucv.avif,Yujo Food Menu Avif/page_6_converted_tbjucv.avif,no,0,
page_7_converted_azay3z.avif,Yujo Food Menu Avif/page_7_converted_azay3z.avif,no,0,
page_8_converted_u6m2dt.avif,Yujo Food Menu Avif/page_8_converted_u6m2dt.avif,no,0,
page_9_converted_emczzk.avif,Yujo Food Menu Avif/page_9_converted_emczzk.avif,no,0,
tepp_1_converted_nrjmfp.avif,Yujo Teppanyaki Menu Avif/tepp_1_converted_nrjmfp.avif,no,0,
tepp_2_converted_j0vdjf.avif,Yujo Teppanyaki Menu Avif/tepp_2_converted_j0vdjf.avif,no,0,
tepp_3_converted_cyj7l1.avif,Yujo Teppanyaki Menu Avif/tepp_3_converted_cyj7l1.avif,no,0,
tepp_4_converted_lgcvan.avif,Yujo Teppanyaki Menu Avif/tepp_4_converted_lgcvan.avif,no,0,
yujo_icon_ckqdqq.svg,yujo_icon_ckqdqq.svg,no,0,
yujo_logo_saqrhi.png,yujo_logo_saqrhi.png,no,0,
yujo_screenshot_w1rgq2.png,yujo_screenshot_w1rgq2.png,no,0,
yujo-crop.svg,yujo-crop.svg,no,0,
yujo-drinks-menu-compressed.pdf,yujo-drinks-menu-compressed.pdf,no,0,
yujo-food-menu-compressed.pdf,yujo-food-menu-compressed.pdf,no,0,
yujo-food.pdf,yujo-food.pdf,no,0,
yujo-red.svg,yujo-red.svg,no,0,
yujo-removebg-preview_cjol1f.png,yujo-removebg-preview_cjol1f.png,no,0,
yujo2.svg,yujo2.svg,no,0,
yujo3-white.svg,yujo3-white.svg,no,0,
yujo3.svg,yujo3.svg,no,0,
yujo4_eaxmbe.png,yujo4_eaxmbe.png,no,0,
yujo4.svg,yujo4.svg,no,0,
yujo5-cropped-cropped_jnum1y.svg,yujo5-cropped-cropped_jnum1y.svg,no,0,
yujo5.svg,yujo5.svg,no,0,
yujo7.svg,yujo7.svg,no,0,
yujo8.svg,yujo8.svg,no,0,
yujo9.svg,yujo9.svg,no,0,
